{
  "average_precision": {
    "class_0": 0.0,
    "class_1": 0.6314731927964572,
    "class_2": 0.7060231932880006
  },
  "best_accuracy": 0.6745960712432861
}