{
  "average_precision": 0.40024610457592735,
  "best_accuracy": 0.6899999976158142
}