{
  "average_precision": 0.7236498535096021,
  "best_accuracy": 0.7099999785423279
}